"","Year","Team","ThreeOrTwo","FGA"
"1",1996,"Chicago Bulls","THREEPA",16.5
"2",1996,"Seattle SuperSonics","THREEPA",19.5
"3",1996,"Orlando Magic","THREEPA",20.1
"4",1996,"Phoenix Suns","THREEPA",12
"5",1996,"Boston Celtics","THREEPA",17.7
"6",1996,"San Antonio Spurs","THREEPA",16.1
"7",1996,"Los Angeles Lakers","THREEPA",16.6
"8",1996,"Charlotte Hornets","THREEPA",18.5
"9",1996,"Dallas Mavericks","THREEPA",24.9
"10",1996,"Washington Bullets","THREEPA",14.8
"11",1996,"Houston Rockets","THREEPA",21.5
"12",1996,"Utah Jazz","THREEPA",12.4
"13",1996,"Golden State Warriors","THREEPA",14.6
"14",1996,"Sacramento Kings","THREEPA",14.6
"15",1996,"Los Angeles Clippers","THREEPA",16.8
"16",1996,"Portland Trail Blazers","THREEPA",16.6
"17",1996,"Indiana Pacers","THREEPA",11.9
"18",1996,"Atlanta Hawks","THREEPA",19.5
"19",1996,"Minnesota Timberwolves","THREEPA",10.5
"20",1996,"Denver Nuggets","THREEPA",14
"21",1996,"Toronto Raptors","THREEPA",14.2
"22",1996,"New York Knicks","THREEPA",15.7
"23",1996,"Miami Heat","THREEPA",17.8
"24",1996,"Milwaukee Bucks","THREEPA",12.9
"25",1996,"Detroit Pistons","THREEPA",16.5
"26",1996,"Philadelphia 76ers","THREEPA",17.5
"27",1996,"New Jersey Nets","THREEPA",9.1
"28",1996,"Cleveland Cavaliers","THREEPA",19.3
"29",1996,"Vancouver Grizzlies","THREEPA",13.8
"30",1996,"League Average","THREEPA",16
"31",1997,"Chicago Bulls","THREEPA",17.1
"32",1997,"Utah Jazz","THREEPA",11
"33",1997,"Phoenix Suns","THREEPA",17.4
"34",1997,"Seattle SuperSonics","THREEPA",19.3
"35",1997,"Houston Rockets","THREEPA",22.4
"36",1997,"Boston Celtics","THREEPA",16.2
"37",1997,"Philadelphia 76ers","THREEPA",16.5
"38",1997,"Los Angeles Lakers","THREEPA",18.3
"39",1997,"Golden State Warriors","THREEPA",16.6
"40",1997,"Washington Bullets","THREEPA",12.2
"41",1997,"Portland Trail Blazers","THREEPA",17.1
"42",1997,"Charlotte Hornets","THREEPA",16.9
"43",1997,"Denver Nuggets","THREEPA",20.9
"44",1997,"New Jersey Nets","THREEPA",16.7
"45",1997,"Los Angeles Clippers","THREEPA",16.3
"46",1997,"Sacramento Kings","THREEPA",12.9
"47",1997,"Minnesota Timberwolves","THREEPA",13.3
"48",1997,"Toronto Raptors","THREEPA",19.8
"49",1997,"New York Knicks","THREEPA",15.8
"50",1997,"Indiana Pacers","THREEPA",13.8
"51",1997,"Milwaukee Bucks","THREEPA",11.2
"52",1997,"Miami Heat","THREEPA",22.7
"53",1997,"Atlanta Hawks","THREEPA",22.4
"54",1997,"Detroit Pistons","THREEPA",18.3
"55",1997,"Orlando Magic","THREEPA",20.3
"56",1997,"Dallas Mavericks","THREEPA",16
"57",1997,"San Antonio Spurs","THREEPA",14.4
"58",1997,"Vancouver Grizzlies","THREEPA",15.5
"59",1997,"Cleveland Cavaliers","THREEPA",15.7
"60",1997,"League Average","THREEPA",16.8
"61",1998,"Los Angeles Lakers","THREEPA",17.3
"62",1998,"Minnesota Timberwolves","THREEPA",10.6
"63",1998,"Utah Jazz","THREEPA",8.2
"64",1998,"Seattle SuperSonics","THREEPA",19.1
"65",1998,"New Jersey Nets","THREEPA",11.4
"66",1998,"Phoenix Suns","THREEPA",14.8
"67",1998,"Houston Rockets","THREEPA",20.4
"68",1998,"Washington Wizards","THREEPA",11.5
"69",1998,"Chicago Bulls","THREEPA",11.7
"70",1998,"Vancouver Grizzlies","THREEPA",11
"71",1998,"Charlotte Hornets","THREEPA",11
"72",1998,"Indiana Pacers","THREEPA",12.5
"73",1998,"Los Angeles Clippers","THREEPA",17.9
"74",1998,"Boston Celtics","THREEPA",15.2
"75",1998,"Atlanta Hawks","THREEPA",12.4
"76",1998,"Miami Heat","THREEPA",18.8
"77",1998,"Toronto Raptors","THREEPA",13.2
"78",1998,"Milwaukee Bucks","THREEPA",8.6
"79",1998,"Portland Trail Blazers","THREEPA",12.8
"80",1998,"Detroit Pistons","THREEPA",11.4
"81",1998,"Philadelphia 76ers","THREEPA",9.9
"82",1998,"Sacramento Kings","THREEPA",9.8
"83",1998,"San Antonio Spurs","THREEPA",10.5
"84",1998,"Cleveland Cavaliers","THREEPA",9.8
"85",1998,"New York Knicks","THREEPA",13.9
"86",1998,"Dallas Mavericks","THREEPA",14.4
"87",1998,"Orlando Magic","THREEPA",11.1
"88",1998,"Denver Nuggets","THREEPA",10.9
"89",1998,"Golden State Warriors","THREEPA",8.5
"90",1998,"League Average","THREEPA",12.7
"91",1999,"Sacramento Kings","THREEPA",18.9
"92",1999,"Los Angeles Lakers","THREEPA",13.7
"93",1999,"Phoenix Suns","THREEPA",14
"94",1999,"Seattle SuperSonics","THREEPA",18
"95",1999,"Portland Trail Blazers","THREEPA",13.5
"96",1999,"Indiana Pacers","THREEPA",16
"97",1999,"Houston Rockets","THREEPA",18.3
"98",1999,"Denver Nuggets","THREEPA",18.4
"99",1999,"Utah Jazz","THREEPA",7.8
"100",1999,"Boston Celtics","THREEPA",15.2
"101",1999,"Minnesota Timberwolves","THREEPA",8.2
"102",1999,"Charlotte Hornets","THREEPA",14.7
"103",1999,"San Antonio Spurs","THREEPA",10.4
"104",1999,"Milwaukee Bucks","THREEPA",12.4
"105",1999,"Dallas Mavericks","THREEPA",11.9
"106",1999,"New Jersey Nets","THREEPA",13.6
"107",1999,"Washington Wizards","THREEPA",11.6
"108",1999,"Toronto Raptors","THREEPA",13.2
"109",1999,"Los Angeles Clippers","THREEPA",13.4
"110",1999,"Detroit Pistons","THREEPA",13.6
"111",1999,"Philadelphia 76ers","THREEPA",7.4
"112",1999,"Orlando Magic","THREEPA",13.5
"113",1999,"Miami Heat","THREEPA",16.1
"114",1999,"Vancouver Grizzlies","THREEPA",9.1
"115",1999,"Golden State Warriors","THREEPA",11.3
"116",1999,"Cleveland Cavaliers","THREEPA",10.7
"117",1999,"New York Knicks","THREEPA",11.8
"118",1999,"Atlanta Hawks","THREEPA",12.9
"119",1999,"Chicago Bulls","THREEPA",12.2
"120",1999,"League Average","THREEPA",13.2
"121",2000,"Sacramento Kings","THREEPA",20.2
"122",2000,"Detroit Pistons","THREEPA",14.9
"123",2000,"Dallas Mavericks","THREEPA",16.2
"124",2000,"Indiana Pacers","THREEPA",18.1
"125",2000,"Milwaukee Bucks","THREEPA",13
"126",2000,"Los Angeles Lakers","THREEPA",12.8
"127",2000,"Orlando Magic","THREEPA",10.6
"128",2000,"Houston Rockets","THREEPA",19.8
"129",2000,"Boston Celtics","THREEPA",15.4
"130",2000,"Seattle SuperSonics","THREEPA",19.6
"131",2000,"Denver Nuggets","THREEPA",17
"132",2000,"Phoenix Suns","THREEPA",15.2
"133",2000,"Minnesota Timberwolves","THREEPA",8.7
"134",2000,"Charlotte Hornets","THREEPA",12.2
"135",2000,"New Jersey Nets","THREEPA",16.8
"136",2000,"Portland Trail Blazers","THREEPA",13.8
"137",2000,"Toronto Raptors","THREEPA",14.3
"138",2000,"Cleveland Cavaliers","THREEPA",11.2
"139",2000,"Washington Wizards","THREEPA",10.9
"140",2000,"Utah Jazz","THREEPA",10.4
"141",2000,"San Antonio Spurs","THREEPA",10.8
"142",2000,"Golden State Warriors","THREEPA",13
"143",2000,"Philadelphia 76ers","THREEPA",7.8
"144",2000,"Miami Heat","THREEPA",14.7
"145",2000,"Atlanta Hawks","THREEPA",9.9
"146",2000,"Vancouver Grizzlies","THREEPA",11
"147",2000,"New York Knicks","THREEPA",11.4
"148",2000,"Los Angeles Clippers","THREEPA",15.5
"149",2000,"Chicago Bulls","THREEPA",12.6
"150",2000,"League Average","THREEPA",13.7
"151",2001,"Sacramento Kings","THREEPA",16.5
"152",2001,"Milwaukee Bucks","THREEPA",18.1
"153",2001,"Los Angeles Lakers","THREEPA",15.5
"154",2001,"Dallas Mavericks","THREEPA",16.5
"155",2001,"Toronto Raptors","THREEPA",14.2
"156",2001,"Orlando Magic","THREEPA",16.4
"157",2001,"Minnesota Timberwolves","THREEPA",11
"158",2001,"Seattle SuperSonics","THREEPA",14.3
"159",2001,"Houston Rockets","THREEPA",17.2
"160",2001,"Utah Jazz","THREEPA",10.4
"161",2001,"Denver Nuggets","THREEPA",17.6
"162",2001,"San Antonio Spurs","THREEPA",13.3
"163",2001,"Detroit Pistons","THREEPA",13.6
"164",2001,"Portland Trail Blazers","THREEPA",12.9
"165",2001,"Philadelphia 76ers","THREEPA",9.8
"166",2001,"Boston Celtics","THREEPA",19.9
"167",2001,"Phoenix Suns","THREEPA",12.9
"168",2001,"Washington Wizards","THREEPA",10.3
"169",2001,"Indiana Pacers","THREEPA",14.1
"170",2001,"Golden State Warriors","THREEPA",11.8
"171",2001,"Los Angeles Clippers","THREEPA",13
"172",2001,"Cleveland Cavaliers","THREEPA",8
"173",2001,"New Jersey Nets","THREEPA",13.2
"174",2001,"Charlotte Hornets","THREEPA",12
"175",2001,"Vancouver Grizzlies","THREEPA",11.5
"176",2001,"Atlanta Hawks","THREEPA",11.4
"177",2001,"Miami Heat","THREEPA",16.9
"178",2001,"New York Knicks","THREEPA",13.6
"179",2001,"Chicago Bulls","THREEPA",11.6
"180",2001,"League Average","THREEPA",13.7
"181",2002,"Dallas Mavericks","THREEPA",20.1
"182",2002,"Sacramento Kings","THREEPA",14.1
"183",2002,"Los Angeles Lakers","THREEPA",17.5
"184",2002,"Orlando Magic","THREEPA",20.2
"185",2002,"Minnesota Timberwolves","THREEPA",12.8
"186",2002,"Seattle SuperSonics","THREEPA",15.8
"187",2002,"Golden State Warriors","THREEPA",12.1
"188",2002,"Milwaukee Bucks","THREEPA",19.3
"189",2002,"Indiana Pacers","THREEPA",14.6
"190",2002,"San Antonio Spurs","THREEPA",14.8
"191",2002,"Portland Trail Blazers","THREEPA",16.1
"192",2002,"Boston Celtics","THREEPA",23.7
"193",2002,"New Jersey Nets","THREEPA",14.6
"194",2002,"Utah Jazz","THREEPA",10.3
"195",2002,"Los Angeles Clippers","THREEPA",14
"196",2002,"Cleveland Cavaliers","THREEPA",12.5
"197",2002,"Phoenix Suns","THREEPA",13.4
"198",2002,"Detroit Pistons","THREEPA",18.4
"199",2002,"Atlanta Hawks","THREEPA",14.6
"200",2002,"Charlotte Hornets","THREEPA",12.1
"201",2002,"Washington Wizards","THREEPA",9.6
"202",2002,"Houston Rockets","THREEPA",18
"203",2002,"Denver Nuggets","THREEPA",15.7
"204",2002,"New York Knicks","THREEPA",16.4
"205",2002,"Toronto Raptors","THREEPA",13.5
"206",2002,"Philadelphia 76ers","THREEPA",8.7
"207",2002,"Memphis Grizzlies","THREEPA",13.4
"208",2002,"Chicago Bulls","THREEPA",10.6
"209",2002,"Miami Heat","THREEPA",11
"210",2002,"League Average","THREEPA",14.7
"211",2003,"Dallas Mavericks","THREEPA",20.3
"212",2003,"Golden State Warriors","THREEPA",15.1
"213",2003,"Sacramento Kings","THREEPA",15.7
"214",2003,"Los Angeles Lakers","THREEPA",16.7
"215",2003,"Milwaukee Bucks","THREEPA",18.6
"216",2003,"Orlando Magic","THREEPA",19.4
"217",2003,"Minnesota Timberwolves","THREEPA",9.8
"218",2003,"Memphis Grizzlies","THREEPA",15.6
"219",2003,"Philadelphia 76ers","THREEPA",9.6
"220",2003,"Indiana Pacers","THREEPA",13.6
"221",2003,"New York Knicks","THREEPA",19.3
"222",2003,"San Antonio Spurs","THREEPA",15.5
"223",2003,"Phoenix Suns","THREEPA",14
"224",2003,"New Jersey Nets","THREEPA",12.7
"225",2003,"Portland Trail Blazers","THREEPA",14
"226",2003,"Chicago Bulls","THREEPA",12.2
"227",2003,"Utah Jazz","THREEPA",7.8
"228",2003,"Atlanta Hawks","THREEPA",13.9
"229",2003,"New Orleans Hornets","THREEPA",13.1
"230",2003,"Los Angeles Clippers","THREEPA",14.4
"231",2003,"Houston Rockets","THREEPA",15.5
"232",2003,"Boston Celtics","THREEPA",26.3
"233",2003,"Seattle SuperSonics","THREEPA",15.7
"234",2003,"Washington Wizards","THREEPA",9.9
"235",2003,"Cleveland Cavaliers","THREEPA",10.9
"236",2003,"Detroit Pistons","THREEPA",18.1
"237",2003,"Toronto Raptors","THREEPA",14.5
"238",2003,"Miami Heat","THREEPA",13.4
"239",2003,"Denver Nuggets","THREEPA",10
"240",2003,"League Average","THREEPA",14.7
"241",2004,"Dallas Mavericks","THREEPA",17.8
"242",2004,"Sacramento Kings","THREEPA",18.3
"243",2004,"Los Angeles Lakers","THREEPA",13.6
"244",2004,"Milwaukee Bucks","THREEPA",14
"245",2004,"Denver Nuggets","THREEPA",12
"246",2004,"Seattle SuperSonics","THREEPA",23.6
"247",2004,"Memphis Grizzlies","THREEPA",16
"248",2004,"Boston Celtics","THREEPA",19.5
"249",2004,"Los Angeles Clippers","THREEPA",12.5
"250",2004,"Minnesota Timberwolves","THREEPA",10.9
"251",2004,"Phoenix Suns","THREEPA",14.7
"252",2004,"Orlando Magic","THREEPA",15.2
"253",2004,"Golden State Warriors","THREEPA",15.6
"254",2004,"Cleveland Cavaliers","THREEPA",9.6
"255",2004,"Atlanta Hawks","THREEPA",15.2
"256",2004,"New York Knicks","THREEPA",13.6
"257",2004,"New Orleans Hornets","THREEPA",20.3
"258",2004,"Washington Wizards","THREEPA",15.5
"259",2004,"San Antonio Spurs","THREEPA",13.9
"260",2004,"Indiana Pacers","THREEPA",15.6
"261",2004,"Portland Trail Blazers","THREEPA",13.4
"262",2004,"Miami Heat","THREEPA",16.5
"263",2004,"New Jersey Nets","THREEPA",13.7
"264",2004,"Detroit Pistons","THREEPA",11.8
"265",2004,"Houston Rockets","THREEPA",17.1
"266",2004,"Chicago Bulls","THREEPA",15.3
"267",2004,"Utah Jazz","THREEPA",9.6
"268",2004,"Philadelphia 76ers","THREEPA",12.1
"269",2004,"Toronto Raptors","THREEPA",15.8
"270",2004,"League Average","THREEPA",14.9
"271",2005,"Phoenix Suns","THREEPA",24.7
"272",2005,"Sacramento Kings","THREEPA",17
"273",2005,"Dallas Mavericks","THREEPA",15.5
"274",2005,"Miami Heat","THREEPA",15.4
"275",2005,"Boston Celtics","THREEPA",15.3
"276",2005,"Washington Wizards","THREEPA",18.3
"277",2005,"Toronto Raptors","THREEPA",20.5
"278",2005,"Denver Nuggets","THREEPA",11.5
"279",2005,"Orlando Magic","THREEPA",11.2
"280",2005,"Philadelphia 76ers","THREEPA",17.7
"281",2005,"Seattle SuperSonics","THREEPA",22.2
"282",2005,"Los Angeles Lakers","THREEPA",22.1
"283",2005,"Golden State Warriors","THREEPA",21.6
"284",2005,"New York Knicks","THREEPA",15.1
"285",2005,"Milwaukee Bucks","THREEPA",11.3
"286",2005,"Minnesota Timberwolves","THREEPA",14
"287",2005,"Cleveland Cavaliers","THREEPA",11
"288",2005,"San Antonio Spurs","THREEPA",17
"289",2005,"Los Angeles Clippers","THREEPA",8.2
"290",2005,"Houston Rockets","THREEPA",18.5
"291",2005,"Chicago Bulls","THREEPA",17.5
"292",2005,"Charlotte Bobcats","THREEPA",10.7
"293",2005,"Memphis Grizzlies","THREEPA",18.1
"294",2005,"Detroit Pistons","THREEPA",12.8
"295",2005,"Indiana Pacers","THREEPA",19.2
"296",2005,"Utah Jazz","THREEPA",9.3
"297",2005,"Portland Trail Blazers","THREEPA",14.2
"298",2005,"Atlanta Hawks","THREEPA",11.9
"299",2005,"New Jersey Nets","THREEPA",14.7
"300",2005,"New Orleans Hornets","THREEPA",16
"301",2005,"League Average","THREEPA",15.8
"302",2006,"Phoenix Suns","THREEPA",25.6
"303",2006,"Seattle SuperSonics","THREEPA",19.9
"304",2006,"Washington Wizards","THREEPA",17
"305",2006,"Toronto Raptors","THREEPA",19.8
"306",2006,"Denver Nuggets","THREEPA",13.1
"307",2006,"Miami Heat","THREEPA",17.6
"308",2006,"Los Angeles Lakers","THREEPA",19.3
"309",2006,"Philadelphia 76ers","THREEPA",12.6
"310",2006,"Dallas Mavericks","THREEPA",13.6
"311",2006,"Sacramento Kings","THREEPA",17.2
"312",2006,"Golden State Warriors","THREEPA",22.3
"313",2006,"Boston Celtics","THREEPA",15.7
"314",2006,"Milwaukee Bucks","THREEPA",16.3
"315",2006,"Chicago Bulls","THREEPA",18
"316",2006,"Cleveland Cavaliers","THREEPA",17.9
"317",2006,"Atlanta Hawks","THREEPA",14.1
"318",2006,"Los Angeles Clippers","THREEPA",10.3
"319",2006,"Charlotte Bobcats","THREEPA",15.4
"320",2006,"Detroit Pistons","THREEPA",17.7
"321",2006,"New York Knicks","THREEPA",10.8
"322",2006,"San Antonio Spurs","THREEPA",16.6
"323",2006,"Orlando Magic","THREEPA",9.7
"324",2006,"Indiana Pacers","THREEPA",18.7
"325",2006,"New Jersey Nets","THREEPA",17.6
"326",2006,"New Orleans/Oklahoma City Hornets","THREEPA",10.8
"327",2006,"Utah Jazz","THREEPA",11.3
"328",2006,"Memphis Grizzlies","THREEPA",19.2
"329",2006,"Minnesota Timberwolves","THREEPA",11.5
"330",2006,"Houston Rockets","THREEPA",17.2
"331",2006,"Portland Trail Blazers","THREEPA",12.7
"332",2006,"League Average","THREEPA",16
"333",2007,"Phoenix Suns","THREEPA",24
"334",2007,"Golden State Warriors","THREEPA",24
"335",2007,"Denver Nuggets","THREEPA",17.6
"336",2007,"Washington Wizards","THREEPA",19.7
"337",2007,"Los Angeles Lakers","THREEPA",21
"338",2007,"Memphis Grizzlies","THREEPA",16.6
"339",2007,"Utah Jazz","THREEPA",12.9
"340",2007,"Sacramento Kings","THREEPA",18.5
"341",2007,"Dallas Mavericks","THREEPA",17.1
"342",2007,"Milwaukee Bucks","THREEPA",18
"343",2007,"Toronto Raptors","THREEPA",17.9
"344",2007,"Seattle SuperSonics","THREEPA",17.7
"345",2007,"Chicago Bulls","THREEPA",15.1
"346",2007,"San Antonio Spurs","THREEPA",19
"347",2007,"New Jersey Nets","THREEPA",20.4
"348",2007,"New York Knicks","THREEPA",16.7
"349",2007,"Houston Rockets","THREEPA",23.1
"350",2007,"Charlotte Bobcats","THREEPA",15.6
"351",2007,"Cleveland Cavaliers","THREEPA",17.1
"352",2007,"Minnesota Timberwolves","THREEPA",13.3
"353",2007,"Detroit Pistons","THREEPA",15.9
"354",2007,"Boston Celtics","THREEPA",15.6
"355",2007,"Los Angeles Clippers","THREEPA",11
"356",2007,"Indiana Pacers","THREEPA",16.9
"357",2007,"New Orleans/Oklahoma City Hornets","THREEPA",15.3
"358",2007,"Philadelphia 76ers","THREEPA",10
"359",2007,"Orlando Magic","THREEPA",11.7
"360",2007,"Miami Heat","THREEPA",18.8
"361",2007,"Portland Trail Blazers","THREEPA",15
"362",2007,"Atlanta Hawks","THREEPA",12.7
"363",2007,"League Average","THREEPA",16.9
"364",2008,"Golden State Warriors","THREEPA",26.6
"365",2008,"Denver Nuggets","THREEPA",19.6
"366",2008,"Phoenix Suns","THREEPA",21.5
"367",2008,"Los Angeles Lakers","THREEPA",21.4
"368",2008,"Utah Jazz","THREEPA",13.4
"369",2008,"Orlando Magic","THREEPA",25.3
"370",2008,"Indiana Pacers","THREEPA",24.6
"371",2008,"Sacramento Kings","THREEPA",16.7
"372",2008,"New Orleans Hornets","THREEPA",19.8
"373",2008,"Memphis Grizzlies","THREEPA",21.7
"374",2008,"Boston Celtics","THREEPA",19.1
"375",2008,"Dallas Mavericks","THREEPA",17.1
"376",2008,"Toronto Raptors","THREEPA",17.8
"377",2008,"Washington Wizards","THREEPA",19.7
"378",2008,"Atlanta Hawks","THREEPA",13.1
"379",2008,"Seattle SuperSonics","THREEPA",11.5
"380",2008,"Detroit Pistons","THREEPA",16.2
"381",2008,"Chicago Bulls","THREEPA",15.9
"382",2008,"Charlotte Bobcats","THREEPA",17.6
"383",2008,"Milwaukee Bucks","THREEPA",16
"384",2008,"New York Knicks","THREEPA",17.7
"385",2008,"Houston Rockets","THREEPA",20.8
"386",2008,"Philadelphia 76ers","THREEPA",11.6
"387",2008,"Cleveland Cavaliers","THREEPA",18.8
"388",2008,"New Jersey Nets","THREEPA",17.4
"389",2008,"Minnesota Timberwolves","THREEPA",15.4
"390",2008,"San Antonio Spurs","THREEPA",19.6
"391",2008,"Portland Trail Blazers","THREEPA",17.4
"392",2008,"Los Angeles Clippers","THREEPA",13.2
"393",2008,"Miami Heat","THREEPA",16.7
"394",2008,"League Average","THREEPA",18.1
"395",2009,"Phoenix Suns","THREEPA",17.6
"396",2009,"Golden State Warriors","THREEPA",18
"397",2009,"Los Angeles Lakers","THREEPA",18.5
"398",2009,"New York Knicks","THREEPA",27.9
"399",2009,"Indiana Pacers","THREEPA",21
"400",2009,"Denver Nuggets","THREEPA",18
"401",2009,"Utah Jazz","THREEPA",13.7
"402",2009,"Chicago Bulls","THREEPA",15.8
"403",2009,"Dallas Mavericks","THREEPA",19.9
"404",2009,"Orlando Magic","THREEPA",26.2
"405",2009,"Boston Celtics","THREEPA",16.5
"406",2009,"Sacramento Kings","THREEPA",19.4
"407",2009,"Cleveland Cavaliers","THREEPA",20.4
"408",2009,"Portland Trail Blazers","THREEPA",19
"409",2009,"Milwaukee Bucks","THREEPA",17.2
"410",2009,"Toronto Raptors","THREEPA",15.7
"411",2009,"Houston Rockets","THREEPA",20.2
"412",2009,"Miami Heat","THREEPA",19.9
"413",2009,"Atlanta Hawks","THREEPA",19.9
"414",2009,"New Jersey Nets","THREEPA",21.2
"415",2009,"Minnesota Timberwolves","THREEPA",18.8
"416",2009,"Philadelphia 76ers","THREEPA",13.1
"417",2009,"San Antonio Spurs","THREEPA",19.8
"418",2009,"Oklahoma City Thunder","THREEPA",11.6
"419",2009,"Washington Wizards","THREEPA",14.6
"420",2009,"New Orleans Hornets","THREEPA",18.6
"421",2009,"Los Angeles Clippers","THREEPA",18.5
"422",2009,"Detroit Pistons","THREEPA",13.2
"423",2009,"Memphis Grizzlies","THREEPA",13.5
"424",2009,"Charlotte Bobcats","THREEPA",16.3
"425",2009,"League Average","THREEPA",18.1
"426",2010,"Phoenix Suns","THREEPA",21.6
"427",2010,"Golden State Warriors","THREEPA",20.6
"428",2010,"Denver Nuggets","THREEPA",18.5
"429",2010,"Utah Jazz","THREEPA",14.7
"430",2010,"Toronto Raptors","THREEPA",17
"431",2010,"Orlando Magic","THREEPA",27.3
"432",2010,"Memphis Grizzlies","THREEPA",12.4
"433",2010,"Houston Rockets","THREEPA",22.4
"434",2010,"Cleveland Cavaliers","THREEPA",19.3
"435",2010,"New York Knicks","THREEPA",26.2
"436",2010,"Dallas Mavericks","THREEPA",18.3
"437",2010,"Los Angeles Lakers","THREEPA",19
"438",2010,"Atlanta Hawks","THREEPA",17.7
"439",2010,"Oklahoma City Thunder","THREEPA",15
"440",2010,"San Antonio Spurs","THREEPA",18.9
"441",2010,"Indiana Pacers","THREEPA",23.1
"442",2010,"New Orleans Hornets","THREEPA",19.2
"443",2010,"Sacramento Kings","THREEPA",16.9
"444",2010,"Boston Celtics","THREEPA",17.5
"445",2010,"Minnesota Timberwolves","THREEPA",14.4
"446",2010,"Portland Trail Blazers","THREEPA",16.9
"447",2010,"Philadelphia 76ers","THREEPA",16.8
"448",2010,"Milwaukee Bucks","THREEPA",22.1
"449",2010,"Chicago Bulls","THREEPA",13
"450",2010,"Miami Heat","THREEPA",17.4
"451",2010,"Washington Wizards","THREEPA",14.9
"452",2010,"Los Angeles Clippers","THREEPA",17.8
"453",2010,"Charlotte Bobcats","THREEPA",16.2
"454",2010,"Detroit Pistons","THREEPA",14.5
"455",2010,"New Jersey Nets","THREEPA",14.5
"456",2010,"League Average","THREEPA",18.1
"457",2011,"Denver Nuggets","THREEPA",20.8
"458",2011,"New York Knicks","THREEPA",25.4
"459",2011,"Houston Rockets","THREEPA",22.5
"460",2011,"Phoenix Suns","THREEPA",22.6
"461",2011,"Oklahoma City Thunder","THREEPA",17.1
"462",2011,"San Antonio Spurs","THREEPA",21.1
"463",2011,"Golden State Warriors","THREEPA",21.3
"464",2011,"Miami Heat","THREEPA",18
"465",2011,"Los Angeles Lakers","THREEPA",18.1
"466",2011,"Minnesota Timberwolves","THREEPA",19.1
"467",2011,"Dallas Mavericks","THREEPA",21.6
"468",2011,"Memphis Grizzlies","THREEPA",11.3
"469",2011,"Indiana Pacers","THREEPA",20.2
"470",2011,"Utah Jazz","THREEPA",15.3
"471",2011,"Sacramento Kings","THREEPA",15.6
"472",2011,"Orlando Magic","THREEPA",25.6
"473",2011,"Toronto Raptors","THREEPA",13.3
"474",2011,"Philadelphia 76ers","THREEPA",15.2
"475",2011,"Los Angeles Clippers","THREEPA",18.5
"476",2011,"Chicago Bulls","THREEPA",17.3
"477",2011,"Washington Wizards","THREEPA",14.4
"478",2011,"Detroit Pistons","THREEPA",15.3
"479",2011,"Boston Celtics","THREEPA",13.6
"480",2011,"Portland Trail Blazers","THREEPA",18.3
"481",2011,"Cleveland Cavaliers","THREEPA",18.2
"482",2011,"Atlanta Hawks","THREEPA",17.4
"483",2011,"New Orleans Hornets","THREEPA",15
"484",2011,"New Jersey Nets","THREEPA",16.3
"485",2011,"Charlotte Bobcats","THREEPA",14.7
"486",2011,"Milwaukee Bucks","THREEPA",17.2
"487",2011,"League Average","THREEPA",18
"488",2012,"Denver Nuggets","THREEPA",19.9
"489",2012,"San Antonio Spurs","THREEPA",21.3
"490",2012,"Oklahoma City Thunder","THREEPA",20
"491",2012,"Utah Jazz","THREEPA",12.8
"492",2012,"Milwaukee Bucks","THREEPA",19.2
"493",2012,"Sacramento Kings","THREEPA",19.7
"494",2012,"Miami Heat","THREEPA",15.6
"495",2012,"Phoenix Suns","THREEPA",19.6
"496",2012,"Houston Rockets","THREEPA",20.2
"497",2012,"Minnesota Timberwolves","THREEPA",21.6
"498",2012,"New York Knicks","THREEPA",23.3
"499",2012,"Golden State Warriors","THREEPA",20.5
"500",2012,"Indiana Pacers","THREEPA",16.1
"501",2012,"Los Angeles Clippers","THREEPA",21.8
"502",2012,"Los Angeles Lakers","THREEPA",16.8
"503",2012,"Portland Trail Blazers","THREEPA",20.9
"504",2012,"Atlanta Hawks","THREEPA",20.2
"505",2012,"Chicago Bulls","THREEPA",16.9
"506",2012,"Dallas Mavericks","THREEPA",22.2
"507",2012,"Memphis Grizzlies","THREEPA",12.9
"508",2012,"Orlando Magic","THREEPA",27
"509",2012,"Washington Wizards","THREEPA",16.3
"510",2012,"Philadelphia 76ers","THREEPA",14.6
"511",2012,"New Jersey Nets","THREEPA",22.4
"512",2012,"Cleveland Cavaliers","THREEPA",19.3
"513",2012,"Boston Celtics","THREEPA",15
"514",2012,"Detroit Pistons","THREEPA",13.9
"515",2012,"Toronto Raptors","THREEPA",16.3
"516",2012,"New Orleans Hornets","THREEPA",11.8
"517",2012,"Charlotte Bobcats","THREEPA",13.5
"518",2012,"League Average","THREEPA",18.4
"519",2013,"Denver Nuggets","THREEPA",18.5
"520",2013,"Houston Rockets","THREEPA",28.9
"521",2013,"Oklahoma City Thunder","THREEPA",19.4
"522",2013,"San Antonio Spurs","THREEPA",21.5
"523",2013,"Miami Heat","THREEPA",22.1
"524",2013,"Los Angeles Lakers","THREEPA",24.6
"525",2013,"Golden State Warriors","THREEPA",19.9
"526",2013,"Dallas Mavericks","THREEPA",19.9
"527",2013,"Los Angeles Clippers","THREEPA",21.4
"528",2013,"Sacramento Kings","THREEPA",20.5
"529",2013,"New York Knicks","THREEPA",28.9
"530",2013,"Milwaukee Bucks","THREEPA",20.4
"531",2013,"Utah Jazz","THREEPA",16.9
"532",2013,"Atlanta Hawks","THREEPA",23.2
"533",2013,"Portland Trail Blazers","THREEPA",23.2
"534",2013,"Toronto Raptors","THREEPA",20.3
"535",2013,"Brooklyn Nets","THREEPA",21.5
"536",2013,"Cleveland Cavaliers","THREEPA",19.3
"537",2013,"Minnesota Timberwolves","THREEPA",18
"538",2013,"Boston Celtics","THREEPA",17.2
"539",2013,"Phoenix Suns","THREEPA",17.7
"540",2013,"Detroit Pistons","THREEPA",17.6
"541",2013,"Orlando Magic","THREEPA",18.7
"542",2013,"New Orleans Hornets","THREEPA",18
"543",2013,"Indiana Pacers","THREEPA",19.7
"544",2013,"Charlotte Bobcats","THREEPA",17.1
"545",2013,"Memphis Grizzlies","THREEPA",13.5
"546",2013,"Washington Wizards","THREEPA",18.2
"547",2013,"Chicago Bulls","THREEPA",15.4
"548",2013,"Philadelphia 76ers","THREEPA",17.5
"549",2013,"League Average","THREEPA",20
"550",2014,"Los Angeles Clippers","THREEPA",24
"551",2014,"Houston Rockets","THREEPA",26.6
"552",2014,"Minnesota Timberwolves","THREEPA",21.4
"553",2014,"Portland Trail Blazers","THREEPA",25.3
"554",2014,"Oklahoma City Thunder","THREEPA",22.4
"555",2014,"San Antonio Spurs","THREEPA",21.4
"556",2014,"Phoenix Suns","THREEPA",25.1
"557",2014,"Dallas Mavericks","THREEPA",22.9
"558",2014,"Denver Nuggets","THREEPA",23.9
"559",2014,"Golden State Warriors","THREEPA",24.8
"560",2014,"Los Angeles Lakers","THREEPA",24.8
"561",2014,"Miami Heat","THREEPA",22.3
"562",2014,"Toronto Raptors","THREEPA",23.4
"563",2014,"Detroit Pistons","THREEPA",19.3
"564",2014,"Atlanta Hawks","THREEPA",25.8
"565",2014,"Washington Wizards","THREEPA",20.8
"566",2014,"Sacramento Kings","THREEPA",18
"567",2014,"New Orleans Pelicans","THREEPA",15.9
"568",2014,"Philadelphia 76ers","THREEPA",22.5
"569",2014,"New York Knicks","THREEPA",24.9
"570",2014,"Brooklyn Nets","THREEPA",23.4
"571",2014,"Cleveland Cavaliers","THREEPA",20
"572",2014,"Charlotte Bobcats","THREEPA",17.9
"573",2014,"Indiana Pacers","THREEPA",18.8
"574",2014,"Orlando Magic","THREEPA",19.5
"575",2014,"Boston Celtics","THREEPA",21.1
"576",2014,"Memphis Grizzlies","THREEPA",14
"577",2014,"Milwaukee Bucks","THREEPA",18.9
"578",2014,"Utah Jazz","THREEPA",19.2
"579",2014,"Chicago Bulls","THREEPA",17.8
"580",2014,"League Average","THREEPA",21.5
"581",2015,"Golden State Warriors","THREEPA",27
"582",2015,"Los Angeles Clippers","THREEPA",26.9
"583",2015,"Dallas Mavericks","THREEPA",25.4
"584",2015,"Toronto Raptors","THREEPA",25.1
"585",2015,"Oklahoma City Thunder","THREEPA",22.7
"586",2015,"Houston Rockets","THREEPA",32.7
"587",2015,"San Antonio Spurs","THREEPA",22.5
"588",2015,"Cleveland Cavaliers","THREEPA",27.5
"589",2015,"Portland Trail Blazers","THREEPA",27.2
"590",2015,"Atlanta Hawks","THREEPA",26.2
"591",2015,"Phoenix Suns","THREEPA",25
"592",2015,"Denver Nuggets","THREEPA",24.8
"593",2015,"Boston Celtics","THREEPA",24.6
"594",2015,"Sacramento Kings","THREEPA",16.5
"595",2015,"Chicago Bulls","THREEPA",22.3
"596",2015,"New Orleans Pelicans","THREEPA",19.3
"597",2015,"Washington Wizards","THREEPA",16.8
"598",2015,"Detroit Pistons","THREEPA",24.9
"599",2015,"Los Angeles Lakers","THREEPA",18.9
"600",2015,"Memphis Grizzlies","THREEPA",15.2
"601",2015,"Brooklyn Nets","THREEPA",19.9
"602",2015,"Milwaukee Bucks","THREEPA",18.3
"603",2015,"Minnesota Timberwolves","THREEPA",14.9
"604",2015,"Indiana Pacers","THREEPA",21.2
"605",2015,"Orlando Magic","THREEPA",19.5
"606",2015,"Utah Jazz","THREEPA",21.7
"607",2015,"Miami Heat","THREEPA",20.2
"608",2015,"Charlotte Hornets","THREEPA",19.1
"609",2015,"Philadelphia 76ers","THREEPA",26.3
"610",2015,"New York Knicks","THREEPA",19.7
"611",2015,"League Average","THREEPA",22.4
"612",2016,"Golden State Warriors","THREEPA",31.6
"613",2016,"Oklahoma City Thunder","THREEPA",23.7
"614",2016,"Sacramento Kings","THREEPA",22.4
"615",2016,"Houston Rockets","THREEPA",30.9
"616",2016,"Boston Celtics","THREEPA",26.1
"617",2016,"Portland Trail Blazers","THREEPA",28.5
"618",2016,"Los Angeles Clippers","THREEPA",26.7
"619",2016,"Cleveland Cavaliers","THREEPA",29.6
"620",2016,"Washington Wizards","THREEPA",24.2
"621",2016,"San Antonio Spurs","THREEPA",18.5
"622",2016,"Charlotte Hornets","THREEPA",29.4
"623",2016,"Atlanta Hawks","THREEPA",28.4
"624",2016,"New Orleans Pelicans","THREEPA",23.8
"625",2016,"Toronto Raptors","THREEPA",23.4
"626",2016,"Minnesota Timberwolves","THREEPA",16.4
"627",2016,"Dallas Mavericks","THREEPA",28.6
"628",2016,"Indiana Pacers","THREEPA",23
"629",2016,"Orlando Magic","THREEPA",22.2
"630",2016,"Detroit Pistons","THREEPA",26.2
"631",2016,"Denver Nuggets","THREEPA",23.7
"632",2016,"Chicago Bulls","THREEPA",21.4
"633",2016,"Phoenix Suns","THREEPA",25.8
"634",2016,"Miami Heat","THREEPA",18
"635",2016,"Memphis Grizzlies","THREEPA",18.5
"636",2016,"Milwaukee Bucks","THREEPA",15.6
"637",2016,"Brooklyn Nets","THREEPA",18.4
"638",2016,"New York Knicks","THREEPA",21.5
"639",2016,"Utah Jazz","THREEPA",23.9
"640",2016,"Philadelphia 76ers","THREEPA",27.5
"641",2016,"Los Angeles Lakers","THREEPA",24.6
"642",2016,"League Average","THREEPA",24.1
"643",2017,"Golden State Warriors","THREEPA",31.2
"644",2017,"Houston Rockets","THREEPA",40.3
"645",2017,"Denver Nuggets","THREEPA",28.8
"646",2017,"Cleveland Cavaliers","THREEPA",33.9
"647",2017,"Washington Wizards","THREEPA",24.8
"648",2017,"Los Angeles Clippers","THREEPA",27.4
"649",2017,"Boston Celtics","THREEPA",33.4
"650",2017,"Portland Trail Blazers","THREEPA",27.7
"651",2017,"Phoenix Suns","THREEPA",22.6
"652",2017,"Toronto Raptors","THREEPA",24.3
"653",2017,"Oklahoma City Thunder","THREEPA",25.8
"654",2017,"Brooklyn Nets","THREEPA",31.6
"655",2017,"Minnesota Timberwolves","THREEPA",21
"656",2017,"San Antonio Spurs","THREEPA",23.5
"657",2017,"Indiana Pacers","THREEPA",23
"658",2017,"Charlotte Hornets","THREEPA",28.6
"659",2017,"Los Angeles Lakers","THREEPA",25.7
"660",2017,"New Orleans Pelicans","THREEPA",26.8
"661",2017,"New York Knicks","THREEPA",24.7
"662",2017,"Milwaukee Bucks","THREEPA",23.7
"663",2017,"Miami Heat","THREEPA",27
"664",2017,"Atlanta Hawks","THREEPA",26.1
"665",2017,"Chicago Bulls","THREEPA",22.3
"666",2017,"Sacramento Kings","THREEPA",23.9
"667",2017,"Philadelphia 76ers","THREEPA",29.8
"668",2017,"Detroit Pistons","THREEPA",23.4
"669",2017,"Orlando Magic","THREEPA",26.1
"670",2017,"Utah Jazz","THREEPA",26
"671",2017,"Memphis Grizzlies","THREEPA",26.5
"672",2017,"Dallas Mavericks","THREEPA",30.2
"673",2017,"League Average","THREEPA",27
"674",2018,"Golden State Warriors","THREEPA",28.9
"675",2018,"Houston Rockets","THREEPA",42.3
"676",2018,"New Orleans Pelicans","THREEPA",28.2
"677",2018,"Toronto Raptors","THREEPA",33
"678",2018,"Cleveland Cavaliers","THREEPA",32.1
"679",2018,"Denver Nuggets","THREEPA",30.9
"680",2018,"Philadelphia 76ers","THREEPA",29.8
"681",2018,"Minnesota Timberwolves","THREEPA",22.5
"682",2018,"Los Angeles Clippers","THREEPA",26.8
"683",2018,"Charlotte Hornets","THREEPA",27.2
"684",2018,"Los Angeles Lakers","THREEPA",29.1
"685",2018,"Oklahoma City Thunder","THREEPA",30.4
"686",2018,"Washington Wizards","THREEPA",26.5
"687",2018,"Brooklyn Nets","THREEPA",35.7
"688",2018,"Milwaukee Bucks","THREEPA",24.7
"689",2018,"Portland Trail Blazers","THREEPA",28.1
"690",2018,"Indiana Pacers","THREEPA",24.5
"691",2018,"New York Knicks","THREEPA",23.3
"692",2018,"Utah Jazz","THREEPA",29.6
"693",2018,"Boston Celtics","THREEPA",30.4
"694",2018,"Phoenix Suns","THREEPA",27.9
"695",2018,"Detroit Pistons","THREEPA",28.9
"696",2018,"Miami Heat","THREEPA",30.6
"697",2018,"Orlando Magic","THREEPA",29.3
"698",2018,"Atlanta Hawks","THREEPA",31
"699",2018,"Chicago Bulls","THREEPA",31.1
"700",2018,"San Antonio Spurs","THREEPA",24.1
"701",2018,"Dallas Mavericks","THREEPA",32.8
"702",2018,"Memphis Grizzlies","THREEPA",26.2
"703",2018,"Sacramento Kings","THREEPA",24
"704",2018,"League Average","THREEPA",29
"705",2019,"Milwaukee Bucks","THREEPA",38.2
"706",2019,"Golden State Warriors","THREEPA",34.4
"707",2019,"New Orleans Pelicans","THREEPA",29.9
"708",2019,"Philadelphia 76ers","THREEPA",30.2
"709",2019,"Los Angeles Clippers","THREEPA",25.8
"710",2019,"Portland Trail Blazers","THREEPA",30.7
"711",2019,"Oklahoma City Thunder","THREEPA",32.6
"712",2019,"Toronto Raptors","THREEPA",33.8
"713",2019,"Sacramento Kings","THREEPA",29.9
"714",2019,"Washington Wizards","THREEPA",33.3
"715",2019,"Houston Rockets","THREEPA",45.4
"716",2019,"Atlanta Hawks","THREEPA",37
"717",2019,"Minnesota Timberwolves","THREEPA",28.7
"718",2019,"Boston Celtics","THREEPA",34.5
"719",2019,"Brooklyn Nets","THREEPA",36.2
"720",2019,"Los Angeles Lakers","THREEPA",31
"721",2019,"Utah Jazz","THREEPA",34
"722",2019,"San Antonio Spurs","THREEPA",25.3
"723",2019,"Charlotte Hornets","THREEPA",33.9
"724",2019,"Denver Nuggets","THREEPA",31.4
"725",2019,"Dallas Mavericks","THREEPA",36.6
"726",2019,"Indiana Pacers","THREEPA",25.4
"727",2019,"Phoenix Suns","THREEPA",29.3
"728",2019,"Orlando Magic","THREEPA",32.1
"729",2019,"Detroit Pistons","THREEPA",34.8
"730",2019,"Miami Heat","THREEPA",32.4
"731",2019,"Chicago Bulls","THREEPA",25.9
"732",2019,"New York Knicks","THREEPA",29.5
"733",2019,"Cleveland Cavaliers","THREEPA",29.1
"734",2019,"Memphis Grizzlies","THREEPA",28.9
"735",2019,"League Average","THREEPA",32
"736",1996,"Chicago Bulls","TWOPA",67.6
"737",1996,"Seattle SuperSonics","TWOPA",58.6
"738",1996,"Orlando Magic","TWOPA",60.9
"739",1996,"Phoenix Suns","TWOPA",69.4
"740",1996,"Boston Celtics","TWOPA",66.9
"741",1996,"San Antonio Spurs","TWOPA",64.4
"742",1996,"Los Angeles Lakers","TWOPA",65.2
"743",1996,"Charlotte Hornets","TWOPA",62.2
"744",1996,"Dallas Mavericks","TWOPA",65.8
"745",1996,"Washington Bullets","TWOPA",65.9
"746",1996,"Houston Rockets","TWOPA",59.5
"747",1996,"Utah Jazz","TWOPA",65.9
"748",1996,"Golden State Warriors","TWOPA",67.1
"749",1996,"Sacramento Kings","TWOPA",64.6
"750",1996,"Los Angeles Clippers","TWOPA",64
"751",1996,"Portland Trail Blazers","TWOPA",65
"752",1996,"Indiana Pacers","TWOPA",63.8
"753",1996,"Atlanta Hawks","TWOPA",61.8
"754",1996,"Minnesota Timberwolves","TWOPA",68.6
"755",1996,"Denver Nuggets","TWOPA",67.2
"756",1996,"Toronto Raptors","TWOPA",66.2
"757",1996,"New York Knicks","TWOPA",62.2
"758",1996,"Miami Heat","TWOPA",59.6
"759",1996,"Milwaukee Bucks","TWOPA",66.3
"760",1996,"Detroit Pistons","TWOPA",58.2
"761",1996,"Philadelphia 76ers","TWOPA",60.7
"762",1996,"New Jersey Nets","TWOPA",73.2
"763",1996,"Cleveland Cavaliers","TWOPA",53.9
"764",1996,"Vancouver Grizzlies","TWOPA",65.3
"765",1996,"League Average","TWOPA",64.1
"766",1997,"Chicago Bulls","TWOPA",67.3
"767",1997,"Utah Jazz","TWOPA",64.8
"768",1997,"Phoenix Suns","TWOPA",64.4
"769",1997,"Seattle SuperSonics","TWOPA",58.9
"770",1997,"Houston Rockets","TWOPA",56.6
"771",1997,"Boston Celtics","TWOPA",68.7
"772",1997,"Philadelphia 76ers","TWOPA",67
"773",1997,"Los Angeles Lakers","TWOPA",62.7
"774",1997,"Golden State Warriors","TWOPA",63.5
"775",1997,"Washington Bullets","TWOPA",69.2
"776",1997,"Portland Trail Blazers","TWOPA",61.8
"777",1997,"Charlotte Hornets","TWOPA",60.5
"778",1997,"Denver Nuggets","TWOPA",60.7
"779",1997,"New Jersey Nets","TWOPA",69.8
"780",1997,"Los Angeles Clippers","TWOPA",65.3
"781",1997,"Sacramento Kings","TWOPA",67.7
"782",1997,"Minnesota Timberwolves","TWOPA",65.2
"783",1997,"Toronto Raptors","TWOPA",61.1
"784",1997,"New York Knicks","TWOPA",60.2
"785",1997,"Indiana Pacers","TWOPA",62.5
"786",1997,"Milwaukee Bucks","TWOPA",65.6
"787",1997,"Miami Heat","TWOPA",53.3
"788",1997,"Atlanta Hawks","TWOPA",54.5
"789",1997,"Detroit Pistons","TWOPA",56
"790",1997,"Orlando Magic","TWOPA",59
"791",1997,"Dallas Mavericks","TWOPA",62.6
"792",1997,"San Antonio Spurs","TWOPA",63.5
"793",1997,"Vancouver Grizzlies","TWOPA",63.2
"794",1997,"Cleveland Cavaliers","TWOPA",57.2
"795",1997,"League Average","TWOPA",62.5
"796",1998,"Los Angeles Lakers","TWOPA",62.5
"797",1998,"Minnesota Timberwolves","TWOPA",72.8
"798",1998,"Utah Jazz","TWOPA",66.4
"799",1998,"Seattle SuperSonics","TWOPA",59.6
"800",1998,"New Jersey Nets","TWOPA",73.1
"801",1998,"Phoenix Suns","TWOPA",67.1
"802",1998,"Houston Rockets","TWOPA",59.1
"803",1998,"Washington Wizards","TWOPA",71.5
"804",1998,"Chicago Bulls","TWOPA",71.2
"805",1998,"Vancouver Grizzlies","TWOPA",69.1
"806",1998,"Charlotte Hornets","TWOPA",66.3
"807",1998,"Indiana Pacers","TWOPA",63.3
"808",1998,"Los Angeles Clippers","TWOPA",63.7
"809",1998,"Boston Celtics","TWOPA",69.3
"810",1998,"Atlanta Hawks","TWOPA",65.1
"811",1998,"Miami Heat","TWOPA",58.3
"812",1998,"Toronto Raptors","TWOPA",69.8
"813",1998,"Milwaukee Bucks","TWOPA",69.5
"814",1998,"Portland Trail Blazers","TWOPA",65.2
"815",1998,"Detroit Pistons","TWOPA",66.3
"816",1998,"Philadelphia 76ers","TWOPA",68.3
"817",1998,"Sacramento Kings","TWOPA",71.7
"818",1998,"San Antonio Spurs","TWOPA",64.9
"819",1998,"Cleveland Cavaliers","TWOPA",65.9
"820",1998,"New York Knicks","TWOPA",64.3
"821",1998,"Dallas Mavericks","TWOPA",67.9
"822",1998,"Orlando Magic","TWOPA",67.7
"823",1998,"Denver Nuggets","TWOPA",67.3
"824",1998,"Golden State Warriors","TWOPA",75.5
"825",1998,"League Average","TWOPA",67
"826",1999,"Sacramento Kings","TWOPA",67.3
"827",1999,"Los Angeles Lakers","TWOPA",65
"828",1999,"Phoenix Suns","TWOPA",66
"829",1999,"Seattle SuperSonics","TWOPA",61.5
"830",1999,"Portland Trail Blazers","TWOPA",65.6
"831",1999,"Indiana Pacers","TWOPA",61.3
"832",1999,"Houston Rockets","TWOPA",57.7
"833",1999,"Denver Nuggets","TWOPA",61.3
"834",1999,"Utah Jazz","TWOPA",64.6
"835",1999,"Boston Celtics","TWOPA",68.1
"836",1999,"Minnesota Timberwolves","TWOPA",78.3
"837",1999,"Charlotte Hornets","TWOPA",59.7
"838",1999,"San Antonio Spurs","TWOPA",65.8
"839",1999,"Milwaukee Bucks","TWOPA",64
"840",1999,"Dallas Mavericks","TWOPA",68.8
"841",1999,"New Jersey Nets","TWOPA",69.6
"842",1999,"Washington Wizards","TWOPA",67.8
"843",1999,"Toronto Raptors","TWOPA",65.6
"844",1999,"Los Angeles Clippers","TWOPA",66.8
"845",1999,"Detroit Pistons","TWOPA",60.7
"846",1999,"Philadelphia 76ers","TWOPA",70.2
"847",1999,"Orlando Magic","TWOPA",65.4
"848",1999,"Miami Heat","TWOPA",55.2
"849",1999,"Vancouver Grizzlies","TWOPA",67.7
"850",1999,"Golden State Warriors","TWOPA",72.2
"851",1999,"Cleveland Cavaliers","TWOPA",60.5
"852",1999,"New York Knicks","TWOPA",62.3
"853",1999,"Atlanta Hawks","TWOPA",62.3
"854",1999,"Chicago Bulls","TWOPA",64.5
"855",1999,"League Average","TWOPA",65
"856",2000,"Sacramento Kings","TWOPA",68.7
"857",2000,"Detroit Pistons","TWOPA",66
"858",2000,"Dallas Mavericks","TWOPA",69.8
"859",2000,"Indiana Pacers","TWOPA",62.8
"860",2000,"Milwaukee Bucks","TWOPA",70.2
"861",2000,"Los Angeles Lakers","TWOPA",70.6
"862",2000,"Orlando Magic","TWOPA",74.9
"863",2000,"Houston Rockets","TWOPA",61.5
"864",2000,"Boston Celtics","TWOPA",68.5
"865",2000,"Seattle SuperSonics","TWOPA",65.1
"866",2000,"Denver Nuggets","TWOPA",67.2
"867",2000,"Phoenix Suns","TWOPA",67.4
"868",2000,"Minnesota Timberwolves","TWOPA",75.5
"869",2000,"Charlotte Hornets","TWOPA",67.5
"870",2000,"New Jersey Nets","TWOPA",67.2
"871",2000,"Portland Trail Blazers","TWOPA",64.7
"872",2000,"Toronto Raptors","TWOPA",69.6
"873",2000,"Cleveland Cavaliers","TWOPA",70.9
"874",2000,"Washington Wizards","TWOPA",70.6
"875",2000,"Utah Jazz","TWOPA",67.4
"876",2000,"San Antonio Spurs","TWOPA",67.2
"877",2000,"Golden State Warriors","TWOPA",74
"878",2000,"Philadelphia 76ers","TWOPA",74.8
"879",2000,"Miami Heat","TWOPA",64.1
"880",2000,"Atlanta Hawks","TWOPA",73.1
"881",2000,"Vancouver Grizzlies","TWOPA",67.6
"882",2000,"New York Knicks","TWOPA",66.3
"883",2000,"Los Angeles Clippers","TWOPA",67
"884",2000,"Chicago Bulls","TWOPA",62.8
"885",2000,"League Average","TWOPA",68.4
"886",2001,"Sacramento Kings","TWOPA",68.5
"887",2001,"Milwaukee Bucks","TWOPA",64.8
"888",2001,"Los Angeles Lakers","TWOPA",66
"889",2001,"Dallas Mavericks","TWOPA",65.4
"890",2001,"Toronto Raptors","TWOPA",70.8
"891",2001,"Orlando Magic","TWOPA",67.4
"892",2001,"Minnesota Timberwolves","TWOPA",72.8
"893",2001,"Seattle SuperSonics","TWOPA",66.8
"894",2001,"Houston Rockets","TWOPA",62
"895",2001,"Utah Jazz","TWOPA",66.3
"896",2001,"Denver Nuggets","TWOPA",66.3
"897",2001,"San Antonio Spurs","TWOPA",63
"898",2001,"Detroit Pistons","TWOPA",70.3
"899",2001,"Portland Trail Blazers","TWOPA",65.4
"900",2001,"Philadelphia 76ers","TWOPA",69.3
"901",2001,"Boston Celtics","TWOPA",59.2
"902",2001,"Phoenix Suns","TWOPA",69.5
"903",2001,"Washington Wizards","TWOPA",68.4
"904",2001,"Indiana Pacers","TWOPA",64.3
"905",2001,"Golden State Warriors","TWOPA",75.7
"906",2001,"Los Angeles Clippers","TWOPA",65.9
"907",2001,"Cleveland Cavaliers","TWOPA",71.6
"908",2001,"New Jersey Nets","TWOPA",66.7
"909",2001,"Charlotte Hornets","TWOPA",67.3
"910",2001,"Vancouver Grizzlies","TWOPA",68.2
"911",2001,"Atlanta Hawks","TWOPA",69.9
"912",2001,"Miami Heat","TWOPA",59.4
"913",2001,"New York Knicks","TWOPA",62
"914",2001,"Chicago Bulls","TWOPA",66.6
"915",2001,"League Average","TWOPA",66.9
"916",2002,"Dallas Mavericks","TWOPA",64.5
"917",2002,"Sacramento Kings","TWOPA",71.3
"918",2002,"Los Angeles Lakers","TWOPA",65.9
"919",2002,"Orlando Magic","TWOPA",63.8
"920",2002,"Minnesota Timberwolves","TWOPA",71.2
"921",2002,"Seattle SuperSonics","TWOPA",65.7
"922",2002,"Golden State Warriors","TWOPA",73.1
"923",2002,"Milwaukee Bucks","TWOPA",60.9
"924",2002,"Indiana Pacers","TWOPA",65.7
"925",2002,"San Antonio Spurs","TWOPA",62.8
"926",2002,"Portland Trail Blazers","TWOPA",65.3
"927",2002,"Boston Celtics","TWOPA",58.4
"928",2002,"New Jersey Nets","TWOPA",68.6
"929",2002,"Utah Jazz","TWOPA",67.5
"930",2002,"Los Angeles Clippers","TWOPA",67.3
"931",2002,"Cleveland Cavaliers","TWOPA",67.8
"932",2002,"Phoenix Suns","TWOPA",71.2
"933",2002,"Detroit Pistons","TWOPA",58.4
"934",2002,"Atlanta Hawks","TWOPA",66
"935",2002,"Charlotte Hornets","TWOPA",68.1
"936",2002,"Washington Wizards","TWOPA",71.7
"937",2002,"Houston Rockets","TWOPA",62.8
"938",2002,"Denver Nuggets","TWOPA",68.1
"939",2002,"New York Knicks","TWOPA",63.1
"940",2002,"Toronto Raptors","TWOPA",68.5
"941",2002,"Philadelphia 76ers","TWOPA",69.8
"942",2002,"Memphis Grizzlies","TWOPA",66.3
"943",2002,"Chicago Bulls","TWOPA",68.6
"944",2002,"Miami Heat","TWOPA",66.9
"945",2002,"League Average","TWOPA",66.5
"946",2003,"Dallas Mavericks","TWOPA",64.8
"947",2003,"Golden State Warriors","TWOPA",69.6
"948",2003,"Sacramento Kings","TWOPA",69.5
"949",2003,"Los Angeles Lakers","TWOPA",66.9
"950",2003,"Milwaukee Bucks","TWOPA",62.7
"951",2003,"Orlando Magic","TWOPA",63.1
"952",2003,"Minnesota Timberwolves","TWOPA",73.2
"953",2003,"Memphis Grizzlies","TWOPA",66.6
"954",2003,"Philadelphia 76ers","TWOPA",71.4
"955",2003,"Indiana Pacers","TWOPA",66.9
"956",2003,"New York Knicks","TWOPA",62.7
"957",2003,"San Antonio Spurs","TWOPA",61.3
"958",2003,"Phoenix Suns","TWOPA",68.6
"959",2003,"New Jersey Nets","TWOPA",67.6
"960",2003,"Portland Trail Blazers","TWOPA",65.1
"961",2003,"Chicago Bulls","TWOPA",69.7
"962",2003,"Utah Jazz","TWOPA",67.7
"963",2003,"Atlanta Hawks","TWOPA",64.5
"964",2003,"New Orleans Hornets","TWOPA",68.5
"965",2003,"Los Angeles Clippers","TWOPA",64.8
"966",2003,"Houston Rockets","TWOPA",63.3
"967",2003,"Boston Celtics","TWOPA",53.1
"968",2003,"Seattle SuperSonics","TWOPA",64.7
"969",2003,"Washington Wizards","TWOPA",68.1
"970",2003,"Cleveland Cavaliers","TWOPA",71.3
"971",2003,"Detroit Pistons","TWOPA",58.4
"972",2003,"Toronto Raptors","TWOPA",66.7
"973",2003,"Miami Heat","TWOPA",66.1
"974",2003,"Denver Nuggets","TWOPA",69.8
"975",2003,"League Average","TWOPA",66.1
"976",2004,"Dallas Mavericks","TWOPA",70.4
"977",2004,"Sacramento Kings","TWOPA",63.6
"978",2004,"Los Angeles Lakers","TWOPA",67.8
"979",2004,"Milwaukee Bucks","TWOPA",67.1
"980",2004,"Denver Nuggets","TWOPA",70.5
"981",2004,"Seattle SuperSonics","TWOPA",56.8
"982",2004,"Memphis Grizzlies","TWOPA",65.2
"983",2004,"Boston Celtics","TWOPA",58.7
"984",2004,"Los Angeles Clippers","TWOPA",67.7
"985",2004,"Minnesota Timberwolves","TWOPA",69.2
"986",2004,"Phoenix Suns","TWOPA",66.7
"987",2004,"Orlando Magic","TWOPA",67.3
"988",2004,"Golden State Warriors","TWOPA",63.8
"989",2004,"Cleveland Cavaliers","TWOPA",72.8
"990",2004,"Atlanta Hawks","TWOPA",64.4
"991",2004,"New York Knicks","TWOPA",65.8
"992",2004,"New Orleans Hornets","TWOPA",60.2
"993",2004,"Washington Wizards","TWOPA",64.5
"994",2004,"San Antonio Spurs","TWOPA",64.6
"995",2004,"Indiana Pacers","TWOPA",61.5
"996",2004,"Portland Trail Blazers","TWOPA",65.4
"997",2004,"Miami Heat","TWOPA",61.7
"998",2004,"New Jersey Nets","TWOPA",64
"999",2004,"Detroit Pistons","TWOPA",65.2
"1000",2004,"Houston Rockets","TWOPA",58.4
"1001",2004,"Chicago Bulls","TWOPA",67
"1002",2004,"Utah Jazz","TWOPA",65.7
"1003",2004,"Philadelphia 76ers","TWOPA",64.2
"1004",2004,"Toronto Raptors","TWOPA",61.6
"1005",2004,"League Average","TWOPA",64.9
"1006",2005,"Phoenix Suns","TWOPA",60.9
"1007",2005,"Sacramento Kings","TWOPA",68.1
"1008",2005,"Dallas Mavericks","TWOPA",66.1
"1009",2005,"Miami Heat","TWOPA",62.3
"1010",2005,"Boston Celtics","TWOPA",64.1
"1011",2005,"Washington Wizards","TWOPA",64.6
"1012",2005,"Toronto Raptors","TWOPA",60.7
"1013",2005,"Denver Nuggets","TWOPA",69.2
"1014",2005,"Orlando Magic","TWOPA",70.3
"1015",2005,"Philadelphia 76ers","TWOPA",64.4
"1016",2005,"Seattle SuperSonics","TWOPA",57
"1017",2005,"Los Angeles Lakers","TWOPA",58.7
"1018",2005,"Golden State Warriors","TWOPA",64.2
"1019",2005,"New York Knicks","TWOPA",65.4
"1020",2005,"Milwaukee Bucks","TWOPA",69
"1021",2005,"Minnesota Timberwolves","TWOPA",66.9
"1022",2005,"Cleveland Cavaliers","TWOPA",70.5
"1023",2005,"San Antonio Spurs","TWOPA",61.6
"1024",2005,"Los Angeles Clippers","TWOPA",69.5
"1025",2005,"Houston Rockets","TWOPA",59.7
"1026",2005,"Chicago Bulls","TWOPA",62.9
"1027",2005,"Charlotte Bobcats","TWOPA",72.9
"1028",2005,"Memphis Grizzlies","TWOPA",58.4
"1029",2005,"Detroit Pistons","TWOPA",65.5
"1030",2005,"Indiana Pacers","TWOPA",56
"1031",2005,"Utah Jazz","TWOPA",67.5
"1032",2005,"Portland Trail Blazers","TWOPA",64.2
"1033",2005,"Atlanta Hawks","TWOPA",69.5
"1034",2005,"New Jersey Nets","TWOPA",63.6
"1035",2005,"New Orleans Hornets","TWOPA",63.9
"1036",2005,"League Average","TWOPA",64.6
"1037",2006,"Phoenix Suns","TWOPA",61.8
"1038",2006,"Seattle SuperSonics","TWOPA",62
"1039",2006,"Washington Wizards","TWOPA",64.2
"1040",2006,"Toronto Raptors","TWOPA",61.2
"1041",2006,"Denver Nuggets","TWOPA",68.2
"1042",2006,"Miami Heat","TWOPA",59.9
"1043",2006,"Los Angeles Lakers","TWOPA",61.3
"1044",2006,"Philadelphia 76ers","TWOPA",67.3
"1045",2006,"Dallas Mavericks","TWOPA",64.2
"1046",2006,"Sacramento Kings","TWOPA",62.1
"1047",2006,"Golden State Warriors","TWOPA",60.4
"1048",2006,"Boston Celtics","TWOPA",61.4
"1049",2006,"Milwaukee Bucks","TWOPA",63.8
"1050",2006,"Chicago Bulls","TWOPA",64.1
"1051",2006,"Cleveland Cavaliers","TWOPA",60.3
"1052",2006,"Atlanta Hawks","TWOPA",65.1
"1053",2006,"Los Angeles Clippers","TWOPA",68.3
"1054",2006,"Charlotte Bobcats","TWOPA",68.1
"1055",2006,"Detroit Pistons","TWOPA",62.3
"1056",2006,"New York Knicks","TWOPA",64.9
"1057",2006,"San Antonio Spurs","TWOPA",60.7
"1058",2006,"Orlando Magic","TWOPA",65.5
"1059",2006,"Indiana Pacers","TWOPA",57.8
"1060",2006,"New Jersey Nets","TWOPA",59.4
"1061",2006,"New Orleans/Oklahoma City Hornets","TWOPA",67.6
"1062",2006,"Utah Jazz","TWOPA",64.4
"1063",2006,"Memphis Grizzlies","TWOPA",55.5
"1064",2006,"Minnesota Timberwolves","TWOPA",65.8
"1065",2006,"Houston Rockets","TWOPA",59
"1066",2006,"Portland Trail Blazers","TWOPA",63.7
"1067",2006,"League Average","TWOPA",63
"1068",2007,"Phoenix Suns","TWOPA",59.6
"1069",2007,"Golden State Warriors","TWOPA",62
"1070",2007,"Denver Nuggets","TWOPA",65.4
"1071",2007,"Washington Wizards","TWOPA",63.5
"1072",2007,"Los Angeles Lakers","TWOPA",60.2
"1073",2007,"Memphis Grizzlies","TWOPA",62
"1074",2007,"Utah Jazz","TWOPA",66
"1075",2007,"Sacramento Kings","TWOPA",61.2
"1076",2007,"Dallas Mavericks","TWOPA",61.4
"1077",2007,"Milwaukee Bucks","TWOPA",63.9
"1078",2007,"Toronto Raptors","TWOPA",62
"1079",2007,"Seattle SuperSonics","TWOPA",63.1
"1080",2007,"Chicago Bulls","TWOPA",66.2
"1081",2007,"San Antonio Spurs","TWOPA",58.1
"1082",2007,"New Jersey Nets","TWOPA",57.4
"1083",2007,"New York Knicks","TWOPA",60.8
"1084",2007,"Houston Rockets","TWOPA",56.5
"1085",2007,"Charlotte Bobcats","TWOPA",65.4
"1086",2007,"Cleveland Cavaliers","TWOPA",64.1
"1087",2007,"Minnesota Timberwolves","TWOPA",66
"1088",2007,"Detroit Pistons","TWOPA",63.2
"1089",2007,"Boston Celtics","TWOPA",63.1
"1090",2007,"Los Angeles Clippers","TWOPA",66
"1091",2007,"Indiana Pacers","TWOPA",63.1
"1092",2007,"New Orleans/Oklahoma City Hornets","TWOPA",66.1
"1093",2007,"Philadelphia 76ers","TWOPA",68.1
"1094",2007,"Orlando Magic","TWOPA",62.5
"1095",2007,"Miami Heat","TWOPA",57.9
"1096",2007,"Portland Trail Blazers","TWOPA",62.9
"1097",2007,"Atlanta Hawks","TWOPA",65
"1098",2007,"League Average","TWOPA",62.8
"1099",2008,"Golden State Warriors","TWOPA",63.7
"1100",2008,"Denver Nuggets","TWOPA",66.3
"1101",2008,"Phoenix Suns","TWOPA",61.2
"1102",2008,"Los Angeles Lakers","TWOPA",61.8
"1103",2008,"Utah Jazz","TWOPA",67
"1104",2008,"Orlando Magic","TWOPA",53.3
"1105",2008,"Indiana Pacers","TWOPA",60.6
"1106",2008,"Sacramento Kings","TWOPA",63.3
"1107",2008,"New Orleans Hornets","TWOPA",63.1
"1108",2008,"Memphis Grizzlies","TWOPA",60.5
"1109",2008,"Boston Celtics","TWOPA",57.6
"1110",2008,"Dallas Mavericks","TWOPA",62.3
"1111",2008,"Toronto Raptors","TWOPA",64.2
"1112",2008,"Washington Wizards","TWOPA",62
"1113",2008,"Atlanta Hawks","TWOPA",66.8
"1114",2008,"Seattle SuperSonics","TWOPA",74.3
"1115",2008,"Detroit Pistons","TWOPA",63.7
"1116",2008,"Chicago Bulls","TWOPA",67.8
"1117",2008,"Charlotte Bobcats","TWOPA",62.3
"1118",2008,"Milwaukee Bucks","TWOPA",66.2
"1119",2008,"New York Knicks","TWOPA",64.7
"1120",2008,"Houston Rockets","TWOPA",60.9
"1121",2008,"Philadelphia 76ers","TWOPA",69.5
"1122",2008,"Cleveland Cavaliers","TWOPA",62.8
"1123",2008,"New Jersey Nets","TWOPA",61.2
"1124",2008,"Minnesota Timberwolves","TWOPA",67.8
"1125",2008,"San Antonio Spurs","TWOPA",58.7
"1126",2008,"Portland Trail Blazers","TWOPA",62.4
"1127",2008,"Los Angeles Clippers","TWOPA",65.4
"1128",2008,"Miami Heat","TWOPA",60.5
"1129",2008,"League Average","TWOPA",63.4
"1130",2009,"Phoenix Suns","TWOPA",64
"1131",2009,"Golden State Warriors","TWOPA",68
"1132",2009,"Los Angeles Lakers","TWOPA",66.6
"1133",2009,"New York Knicks","TWOPA",58.6
"1134",2009,"Indiana Pacers","TWOPA",65.3
"1135",2009,"Denver Nuggets","TWOPA",61.4
"1136",2009,"Utah Jazz","TWOPA",67.1
"1137",2009,"Chicago Bulls","TWOPA",67.7
"1138",2009,"Dallas Mavericks","TWOPA",62.7
"1139",2009,"Orlando Magic","TWOPA",52.1
"1140",2009,"Boston Celtics","TWOPA",60.7
"1141",2009,"Sacramento Kings","TWOPA",62.1
"1142",2009,"Cleveland Cavaliers","TWOPA",58.3
"1143",2009,"Portland Trail Blazers","TWOPA",60.2
"1144",2009,"Milwaukee Bucks","TWOPA",65.2
"1145",2009,"Toronto Raptors","TWOPA",65.7
"1146",2009,"Houston Rockets","TWOPA",59.4
"1147",2009,"Miami Heat","TWOPA",61.2
"1148",2009,"Atlanta Hawks","TWOPA",58.8
"1149",2009,"New Jersey Nets","TWOPA",58.5
"1150",2009,"Minnesota Timberwolves","TWOPA",63.7
"1151",2009,"Philadelphia 76ers","TWOPA",66.6
"1152",2009,"San Antonio Spurs","TWOPA",59.9
"1153",2009,"Oklahoma City Thunder","TWOPA",70.3
"1154",2009,"Washington Wizards","TWOPA",66.5
"1155",2009,"New Orleans Hornets","TWOPA",59
"1156",2009,"Los Angeles Clippers","TWOPA",63.2
"1157",2009,"Detroit Pistons","TWOPA",66.8
"1158",2009,"Memphis Grizzlies","TWOPA",63.5
"1159",2009,"Charlotte Bobcats","TWOPA",60.5
"1160",2009,"League Average","TWOPA",62.8
"1161",2010,"Phoenix Suns","TWOPA",61.2
"1162",2010,"Golden State Warriors","TWOPA",65.9
"1163",2010,"Denver Nuggets","TWOPA",62.9
"1164",2010,"Utah Jazz","TWOPA",65.5
"1165",2010,"Toronto Raptors","TWOPA",63.8
"1166",2010,"Orlando Magic","TWOPA",50.6
"1167",2010,"Memphis Grizzlies","TWOPA",71.4
"1168",2010,"Houston Rockets","TWOPA",62
"1169",2010,"Cleveland Cavaliers","TWOPA",58.6
"1170",2010,"New York Knicks","TWOPA",57.7
"1171",2010,"Dallas Mavericks","TWOPA",64.2
"1172",2010,"Los Angeles Lakers","TWOPA",64.8
"1173",2010,"Atlanta Hawks","TWOPA",65.2
"1174",2010,"Oklahoma City Thunder","TWOPA",65.9
"1175",2010,"San Antonio Spurs","TWOPA",62.3
"1176",2010,"Indiana Pacers","TWOPA",60.1
"1177",2010,"New Orleans Hornets","TWOPA",64.3
"1178",2010,"Sacramento Kings","TWOPA",67.2
"1179",2010,"Boston Celtics","TWOPA",59.3
"1180",2010,"Minnesota Timberwolves","TWOPA",70
"1181",2010,"Portland Trail Blazers","TWOPA",61.8
"1182",2010,"Philadelphia 76ers","TWOPA",64.9
"1183",2010,"Milwaukee Bucks","TWOPA",63.2
"1184",2010,"Chicago Bulls","TWOPA",70.2
"1185",2010,"Miami Heat","TWOPA",62.1
"1186",2010,"Washington Wizards","TWOPA",66.8
"1187",2010,"Los Angeles Clippers","TWOPA",62.7
"1188",2010,"Charlotte Bobcats","TWOPA",60.7
"1189",2010,"Detroit Pistons","TWOPA",66
"1190",2010,"New Jersey Nets","TWOPA",65.5
"1191",2010,"League Average","TWOPA",63.6
"1192",2011,"Denver Nuggets","TWOPA",59.9
"1193",2011,"New York Knicks","TWOPA",58.4
"1194",2011,"Houston Rockets","TWOPA",62.6
"1195",2011,"Phoenix Suns","TWOPA",60.8
"1196",2011,"Oklahoma City Thunder","TWOPA",63.5
"1197",2011,"San Antonio Spurs","TWOPA",59.8
"1198",2011,"Golden State Warriors","TWOPA",64.6
"1199",2011,"Miami Heat","TWOPA",58.8
"1200",2011,"Los Angeles Lakers","TWOPA",64.3
"1201",2011,"Minnesota Timberwolves","TWOPA",66.5
"1202",2011,"Dallas Mavericks","TWOPA",57.3
"1203",2011,"Memphis Grizzlies","TWOPA",71.6
"1204",2011,"Indiana Pacers","TWOPA",62.6
"1205",2011,"Utah Jazz","TWOPA",65
"1206",2011,"Sacramento Kings","TWOPA",69.5
"1207",2011,"Orlando Magic","TWOPA",52.5
"1208",2011,"Toronto Raptors","TWOPA",69.1
"1209",2011,"Philadelphia 76ers","TWOPA",67.4
"1210",2011,"Los Angeles Clippers","TWOPA",61.9
"1211",2011,"Chicago Bulls","TWOPA",63.1
"1212",2011,"Washington Wizards","TWOPA",69.6
"1213",2011,"Detroit Pistons","TWOPA",65.7
"1214",2011,"Boston Celtics","TWOPA",62.2
"1215",2011,"Portland Trail Blazers","TWOPA",62.1
"1216",2011,"Cleveland Cavaliers","TWOPA",62.9
"1217",2011,"Atlanta Hawks","TWOPA",61
"1218",2011,"New Orleans Hornets","TWOPA",63.2
"1219",2011,"New Jersey Nets","TWOPA",64.6
"1220",2011,"Charlotte Bobcats","TWOPA",63
"1221",2011,"Milwaukee Bucks","TWOPA",62.6
"1222",2011,"League Average","TWOPA",63.2
"1223",2012,"Denver Nuggets","TWOPA",62
"1224",2012,"San Antonio Spurs","TWOPA",61.5
"1225",2012,"Oklahoma City Thunder","TWOPA",59.3
"1226",2012,"Utah Jazz","TWOPA",71
"1227",2012,"Milwaukee Bucks","TWOPA",66.5
"1228",2012,"Sacramento Kings","TWOPA",66.8
"1229",2012,"Miami Heat","TWOPA",63.4
"1230",2012,"Phoenix Suns","TWOPA",62.9
"1231",2012,"Houston Rockets","TWOPA",63.8
"1232",2012,"Minnesota Timberwolves","TWOPA",60.8
"1233",2012,"New York Knicks","TWOPA",57.5
"1234",2012,"Golden State Warriors","TWOPA",62
"1235",2012,"Indiana Pacers","TWOPA",65.3
"1236",2012,"Los Angeles Clippers","TWOPA",59.5
"1237",2012,"Los Angeles Lakers","TWOPA",63.7
"1238",2012,"Portland Trail Blazers","TWOPA",61.1
"1239",2012,"Atlanta Hawks","TWOPA",60.9
"1240",2012,"Chicago Bulls","TWOPA",65.8
"1241",2012,"Dallas Mavericks","TWOPA",59.8
"1242",2012,"Memphis Grizzlies","TWOPA",69.3
"1243",2012,"Orlando Magic","TWOPA",51.2
"1244",2012,"Washington Wizards","TWOPA",66.7
"1245",2012,"Philadelphia 76ers","TWOPA",69
"1246",2012,"New Jersey Nets","TWOPA",58.2
"1247",2012,"Cleveland Cavaliers","TWOPA",61.9
"1248",2012,"Boston Celtics","TWOPA",62.1
"1249",2012,"Detroit Pistons","TWOPA",65.4
"1250",2012,"Toronto Raptors","TWOPA",61.8
"1251",2012,"New Orleans Hornets","TWOPA",65.5
"1252",2012,"Charlotte Bobcats","TWOPA",66.7
"1253",2012,"League Average","TWOPA",63
"1254",2013,"Denver Nuggets","TWOPA",66.6
"1255",2013,"Houston Rockets","TWOPA",53.8
"1256",2013,"Oklahoma City Thunder","TWOPA",60
"1257",2013,"San Antonio Spurs","TWOPA",59.9
"1258",2013,"Miami Heat","TWOPA",55.4
"1259",2013,"Los Angeles Lakers","TWOPA",56.4
"1260",2013,"Golden State Warriors","TWOPA",63.5
"1261",2013,"Dallas Mavericks","TWOPA",64.2
"1262",2013,"Los Angeles Clippers","TWOPA",59.2
"1263",2013,"Sacramento Kings","TWOPA",63.7
"1264",2013,"New York Knicks","TWOPA",52.7
"1265",2013,"Milwaukee Bucks","TWOPA",67.4
"1266",2013,"Utah Jazz","TWOPA",64.9
"1267",2013,"Atlanta Hawks","TWOPA",57.8
"1268",2013,"Portland Trail Blazers","TWOPA",58.7
"1269",2013,"Toronto Raptors","TWOPA",61.2
"1270",2013,"Brooklyn Nets","TWOPA",58.3
"1271",2013,"Cleveland Cavaliers","TWOPA",64.9
"1272",2013,"Minnesota Timberwolves","TWOPA",63.7
"1273",2013,"Boston Celtics","TWOPA",62.6
"1274",2013,"Phoenix Suns","TWOPA",66.6
"1275",2013,"Detroit Pistons","TWOPA",63.4
"1276",2013,"Orlando Magic","TWOPA",65.5
"1277",2013,"New Orleans Hornets","TWOPA",62.4
"1278",2013,"Indiana Pacers","TWOPA",60.8
"1279",2013,"Charlotte Bobcats","TWOPA",64
"1280",2013,"Memphis Grizzlies","TWOPA",68
"1281",2013,"Washington Wizards","TWOPA",63.4
"1282",2013,"Chicago Bulls","TWOPA",66.3
"1283",2013,"Philadelphia 76ers","TWOPA",66.5
"1284",2013,"League Average","TWOPA",62.1
"1285",2014,"Los Angeles Clippers","TWOPA",58.5
"1286",2014,"Houston Rockets","TWOPA",54
"1287",2014,"Minnesota Timberwolves","TWOPA",66.1
"1288",2014,"Portland Trail Blazers","TWOPA",61.7
"1289",2014,"Oklahoma City Thunder","TWOPA",60.3
"1290",2014,"San Antonio Spurs","TWOPA",62
"1291",2014,"Phoenix Suns","TWOPA",58.4
"1292",2014,"Dallas Mavericks","TWOPA",60.7
"1293",2014,"Denver Nuggets","TWOPA",62
"1294",2014,"Golden State Warriors","TWOPA",60.6
"1295",2014,"Los Angeles Lakers","TWOPA",60.3
"1296",2014,"Miami Heat","TWOPA",54.2
"1297",2014,"Toronto Raptors","TWOPA",58.5
"1298",2014,"Detroit Pistons","TWOPA",67.6
"1299",2014,"Atlanta Hawks","TWOPA",55.8
"1300",2014,"Washington Wizards","TWOPA",63.6
"1301",2014,"Sacramento Kings","TWOPA",64.5
"1302",2014,"New Orleans Pelicans","TWOPA",66.6
"1303",2014,"Philadelphia 76ers","TWOPA",64.7
"1304",2014,"New York Knicks","TWOPA",57.3
"1305",2014,"Brooklyn Nets","TWOPA",54.5
"1306",2014,"Cleveland Cavaliers","TWOPA",64.8
"1307",2014,"Charlotte Bobcats","TWOPA",64.1
"1308",2014,"Indiana Pacers","TWOPA",61.4
"1309",2014,"Orlando Magic","TWOPA",63.3
"1310",2014,"Boston Celtics","TWOPA",62.9
"1311",2014,"Memphis Grizzlies","TWOPA",68
"1312",2014,"Milwaukee Bucks","TWOPA",63.2
"1313",2014,"Utah Jazz","TWOPA",61.9
"1314",2014,"Chicago Bulls","TWOPA",62.4
"1315",2014,"League Average","TWOPA",61.5
"1316",2015,"Golden State Warriors","TWOPA",60
"1317",2015,"Los Angeles Clippers","TWOPA",56.4
"1318",2015,"Dallas Mavericks","TWOPA",60.4
"1319",2015,"Toronto Raptors","TWOPA",58.2
"1320",2015,"Oklahoma City Thunder","TWOPA",64.1
"1321",2015,"Houston Rockets","TWOPA",50.6
"1322",2015,"San Antonio Spurs","TWOPA",61.1
"1323",2015,"Cleveland Cavaliers","TWOPA",54.7
"1324",2015,"Portland Trail Blazers","TWOPA",58.8
"1325",2015,"Atlanta Hawks","TWOPA",55.5
"1326",2015,"Phoenix Suns","TWOPA",60.9
"1327",2015,"Denver Nuggets","TWOPA",62.5
"1328",2015,"Boston Celtics","TWOPA",63.3
"1329",2015,"Sacramento Kings","TWOPA",64.2
"1330",2015,"Chicago Bulls","TWOPA",60.6
"1331",2015,"New Orleans Pelicans","TWOPA",63.6
"1332",2015,"Washington Wizards","TWOPA",66
"1333",2015,"Detroit Pistons","TWOPA",60.9
"1334",2015,"Los Angeles Lakers","TWOPA",66.8
"1335",2015,"Memphis Grizzlies","TWOPA",67.3
"1336",2015,"Brooklyn Nets","TWOPA",63.1
"1337",2015,"Milwaukee Bucks","TWOPA",63.7
"1338",2015,"Minnesota Timberwolves","TWOPA",68.3
"1339",2015,"Indiana Pacers","TWOPA",62
"1340",2015,"Orlando Magic","TWOPA",63.3
"1341",2015,"Utah Jazz","TWOPA",57.5
"1342",2015,"Miami Heat","TWOPA",57
"1343",2015,"Charlotte Hornets","TWOPA",65.4
"1344",2015,"Philadelphia 76ers","TWOPA",56.3
"1345",2015,"New York Knicks","TWOPA",62.3
"1346",2015,"League Average","TWOPA",61.2
"1347",2016,"Golden State Warriors","TWOPA",55.7
"1348",2016,"Oklahoma City Thunder","TWOPA",62.6
"1349",2016,"Sacramento Kings","TWOPA",64
"1350",2016,"Houston Rockets","TWOPA",52.6
"1351",2016,"Boston Celtics","TWOPA",63.1
"1352",2016,"Portland Trail Blazers","TWOPA",57.4
"1353",2016,"Los Angeles Clippers","TWOPA",55.7
"1354",2016,"Cleveland Cavaliers","TWOPA",54.4
"1355",2016,"Washington Wizards","TWOPA",61.6
"1356",2016,"San Antonio Spurs","TWOPA",64.4
"1357",2016,"Charlotte Hornets","TWOPA",55
"1358",2016,"Atlanta Hawks","TWOPA",56.1
"1359",2016,"New Orleans Pelicans","TWOPA",62.1
"1360",2016,"Toronto Raptors","TWOPA",58
"1361",2016,"Minnesota Timberwolves","TWOPA",64.9
"1362",2016,"Dallas Mavericks","TWOPA",55.6
"1363",2016,"Indiana Pacers","TWOPA",62.1
"1364",2016,"Orlando Magic","TWOPA",64.7
"1365",2016,"Detroit Pistons","TWOPA",60.2
"1366",2016,"Denver Nuggets","TWOPA",61.7
"1367",2016,"Chicago Bulls","TWOPA",66.1
"1368",2016,"Phoenix Suns","TWOPA",59.8
"1369",2016,"Miami Heat","TWOPA",63.6
"1370",2016,"Memphis Grizzlies","TWOPA",65.1
"1371",2016,"Milwaukee Bucks","TWOPA",66.6
"1372",2016,"Brooklyn Nets","TWOPA",66
"1373",2016,"New York Knicks","TWOPA",62.5
"1374",2016,"Utah Jazz","TWOPA",56.5
"1375",2016,"Philadelphia 76ers","TWOPA",56.5
"1376",2016,"Los Angeles Lakers","TWOPA",60.2
"1377",2016,"League Average","TWOPA",60.5
"1378",2017,"Golden State Warriors","TWOPA",55.8
"1379",2017,"Houston Rockets","TWOPA",46.9
"1380",2017,"Denver Nuggets","TWOPA",58.9
"1381",2017,"Cleveland Cavaliers","TWOPA",51
"1382",2017,"Washington Wizards","TWOPA",62.3
"1383",2017,"Los Angeles Clippers","TWOPA",55.8
"1384",2017,"Boston Celtics","TWOPA",51.7
"1385",2017,"Portland Trail Blazers","TWOPA",58.4
"1386",2017,"Phoenix Suns","TWOPA",65.9
"1387",2017,"Toronto Raptors","TWOPA",60
"1388",2017,"Oklahoma City Thunder","TWOPA",61.6
"1389",2017,"Brooklyn Nets","TWOPA",53.6
"1390",2017,"Minnesota Timberwolves","TWOPA",63.4
"1391",2017,"San Antonio Spurs","TWOPA",60.2
"1392",2017,"Indiana Pacers","TWOPA",61.5
"1393",2017,"Charlotte Hornets","TWOPA",56.7
"1394",2017,"Los Angeles Lakers","TWOPA",61.6
"1395",2017,"New Orleans Pelicans","TWOPA",60.2
"1396",2017,"New York Knicks","TWOPA",63.8
"1397",2017,"Milwaukee Bucks","TWOPA",58.2
"1398",2017,"Miami Heat","TWOPA",58.8
"1399",2017,"Atlanta Hawks","TWOPA",58.3
"1400",2017,"Chicago Bulls","TWOPA",64.8
"1401",2017,"Sacramento Kings","TWOPA",58.2
"1402",2017,"Philadelphia 76ers","TWOPA",55.5
"1403",2017,"Detroit Pistons","TWOPA",65.5
"1404",2017,"Orlando Magic","TWOPA",60.9
"1405",2017,"Utah Jazz","TWOPA",53.5
"1406",2017,"Memphis Grizzlies","TWOPA",57.1
"1407",2017,"Dallas Mavericks","TWOPA",52.2
"1408",2017,"League Average","TWOPA",58.4
"1409",2018,"Golden State Warriors","TWOPA",56.2
"1410",2018,"Houston Rockets","TWOPA",41.9
"1411",2018,"New Orleans Pelicans","TWOPA",60.1
"1412",2018,"Toronto Raptors","TWOPA",54.4
"1413",2018,"Cleveland Cavaliers","TWOPA",52.6
"1414",2018,"Denver Nuggets","TWOPA",55.7
"1415",2018,"Philadelphia 76ers","TWOPA",56.7
"1416",2018,"Minnesota Timberwolves","TWOPA",63.6
"1417",2018,"Los Angeles Clippers","TWOPA",58.6
"1418",2018,"Charlotte Hornets","TWOPA",59.4
"1419",2018,"Los Angeles Lakers","TWOPA",59.3
"1420",2018,"Oklahoma City Thunder","TWOPA",57.7
"1421",2018,"Washington Wizards","TWOPA",59.1
"1422",2018,"Brooklyn Nets","TWOPA",51.1
"1423",2018,"Milwaukee Bucks","TWOPA",58.3
"1424",2018,"Portland Trail Blazers","TWOPA",58.8
"1425",2018,"Indiana Pacers","TWOPA",61.9
"1426",2018,"New York Knicks","TWOPA",64.4
"1427",2018,"Utah Jazz","TWOPA",53.3
"1428",2018,"Boston Celtics","TWOPA",54.7
"1429",2018,"Phoenix Suns","TWOPA",59.2
"1430",2018,"Detroit Pistons","TWOPA",58
"1431",2018,"Miami Heat","TWOPA",54.8
"1432",2018,"Orlando Magic","TWOPA",56.5
"1433",2018,"Atlanta Hawks","TWOPA",54.5
"1434",2018,"Chicago Bulls","TWOPA",57.8
"1435",2018,"San Antonio Spurs","TWOPA",61.2
"1436",2018,"Dallas Mavericks","TWOPA",53.1
"1437",2018,"Memphis Grizzlies","TWOPA",56.5
"1438",2018,"Sacramento Kings","TWOPA",62.1
"1439",2018,"League Average","TWOPA",57.1
"1440",2019,"Milwaukee Bucks","TWOPA",52.9
"1441",2019,"Golden State Warriors","TWOPA",55.3
"1442",2019,"New Orleans Pelicans","TWOPA",62.4
"1443",2019,"Philadelphia 76ers","TWOPA",58
"1444",2019,"Los Angeles Clippers","TWOPA",61.7
"1445",2019,"Portland Trail Blazers","TWOPA",59.8
"1446",2019,"Oklahoma City Thunder","TWOPA",61.3
"1447",2019,"Toronto Raptors","TWOPA",55.3
"1448",2019,"Sacramento Kings","TWOPA",63.2
"1449",2019,"Washington Wizards","TWOPA",56.8
"1450",2019,"Houston Rockets","TWOPA",42
"1451",2019,"Atlanta Hawks","TWOPA",54.8
"1452",2019,"Minnesota Timberwolves","TWOPA",62.5
"1453",2019,"Boston Celtics","TWOPA",56
"1454",2019,"Brooklyn Nets","TWOPA",53.6
"1455",2019,"Los Angeles Lakers","TWOPA",59.6
"1456",2019,"Utah Jazz","TWOPA",52.4
"1457",2019,"San Antonio Spurs","TWOPA",63.1
"1458",2019,"Charlotte Hornets","TWOPA",55.8
"1459",2019,"Denver Nuggets","TWOPA",58.7
"1460",2019,"Dallas Mavericks","TWOPA",50.2
"1461",2019,"Indiana Pacers","TWOPA",61.6
"1462",2019,"Phoenix Suns","TWOPA",58.1
"1463",2019,"Orlando Magic","TWOPA",57
"1464",2019,"Detroit Pistons","TWOPA",53.5
"1465",2019,"Miami Heat","TWOPA",55.6
"1466",2019,"Chicago Bulls","TWOPA",62
"1467",2019,"New York Knicks","TWOPA",58.8
"1468",2019,"Cleveland Cavaliers","TWOPA",58.5
"1469",2019,"Memphis Grizzlies","TWOPA",55.6
"1470",2019,"League Average","TWOPA",57.2
